,skewness,excess_kurtosis,KS_D_vs_uniform,uniform_reference,one_value_per_stratum,distribution_type
tau1,-5.411644483615921e-06,-1.200002538849193,9.999874217891946e-05,"skew 0, kurt -1.2",True,Uniform
tau2,2.74030029398025e-06,-1.2000005980161532,9.999819351358408e-05,"skew 0, kurt -1.2",True,Uniform
tau3,-4.79995923857865e-06,-1.2000044165215131,9.999829011470007e-05,"skew 0, kurt -1.2",True,Uniform
tau4,-1.409045705289675e-06,-1.1999988058328663,9.998498819796531e-05,"skew 0, kurt -1.2",True,Uniform
p2,4.145819947191445e-06,-1.2000016361339045,9.999859041998072e-05,"skew 0, kurt -1.2",True,Uniform
p3,4.45936058895815e-06,-1.2000025656788218,9.999685066264252e-05,"skew 0, kurt -1.2",True,Uniform
p4,9.157719433695165e-07,-1.1999955960721942,9.99961464867305e-05,"skew 0, kurt -1.2",True,Uniform
g1,2.9564577847668525e-06,-1.1999985879255508,9.999852262000675e-05,"skew 0, kurt -1.2",True,Uniform
g2,-6.137462250144779e-07,-1.2000015885129915,9.999987641373664e-05,"skew 0, kurt -1.2",True,Uniform
g3,3.2043259512225043e-06,-1.1999934706136677,9.999143972530544e-05,"skew 0, kurt -1.2",True,Uniform
g4,3.871023654109263e-06,-1.200002792468539,9.999565200424776e-05,"skew 0, kurt -1.2",True,Uniform
