,lower_fence,upper_fence,minimum,maximum,iqr_flag_count,iqr_flag_percent
tau1,-4.249805634588267,14.749386908444652,0.500793021360319,9.99946946943287,0,0.0
tau2,-4.249489668200983,14.749522800234839,0.500141360493773,9.99983655621537,0,0.0
tau3,-4.248618191605397,14.749088143167034,0.500788152733829,9.99945000849598,0,0.0
tau4,-4.249881141893357,14.749669053094994,0.500472961226082,9.99944329731088,0,0.0
p1,1.6221191709226617,5.878600825105111,1.58258966481528,5.8644179596283,1,0.01
p2,-2.749788099682239,0.2499095218880718,-1.99989095591106,-0.500108275885764,0,0.0
p3,-2.749998573983984,0.2499301567350668,-1.99994466917731,-0.50007225154374,0,0.0
p4,-2.7498018513572338,0.2497776491502962,-1.99992633173043,-0.500024528740323,0,0.0
g1,-0.42484883734830703,1.4748050687967011,0.0500093036111293,0.999937073063054,0,0.0
g2,-0.4248563799480958,1.4748983278073715,0.0500531010350864,0.999944294487435,0,0.0
g3,-0.4248762168431431,1.4748300751673953,0.0500536923673214,0.999981832400081,0,0.0
g4,-0.42491337609365787,1.4748408082076911,0.0500284939589759,0.999930047985306,0,0.0
stab,-0.10620992780048179,0.1355314620759343,-0.0807598924160244,0.109403206284885,0,0.0
