,count,mean,std,min,25%,50%,75%,max,skewness,excess_kurtosis
tau1,10000.0,5.249999930614223,2.7425483741341625,0.500793021360319,2.8748915690490775,5.250003871926565,7.624689704807308,9.99946946943287,-5.411644483615921e-06,-1.200002538849193
tau2,10000.0,5.250001022042508,2.7425486737170117,0.500141360493773,2.8751400074624502,5.249981261165705,7.624893124571406,9.99983655621537,2.74030029398025e-06,-1.2000005980161532
tau3,10000.0,5.250003524154421,2.7425494575854117,0.500788152733829,2.875521683934265,5.249978586564115,7.6249482676273725,9.99945000849598,-4.79995923857865e-06,-1.2000044165215131
tau4,10000.0,5.249997064361236,2.742555529977567,0.500472961226082,2.874950181227275,5.249734121200991,7.624837729974363,9.99944329731088,-1.409045705289675e-06,-1.1999988058328663
p2,10000.0,-1.2500004574399335,0.43303484993229,-1.99989095591106,-1.6249014915933726,-1.24996629085586,-0.8749770862007948,-0.500108275885764,4.145819947191445e-06,-1.2000016361339045
p3,10000.0,-1.249999744447181,0.4330350963379909,-1.99994466917731,-1.62502529996434,-1.2499743078644001,-0.8750431172845773,-0.50007225154374,4.45936058895815e-06,-1.2000025656788218
p4,10000.0,-1.249999756049055,0.4330349941642478,-1.99992633173043,-1.62495953866691,-1.2500072748731101,-0.8750646635400275,-0.500024528740323,9.157719433695165e-07,-1.1999955960721942
g1,10000.0,0.5249997888492076,0.2742555319510568,0.0500093036111293,0.287521377456071,0.5250091478346385,0.762434853992323,0.999937073063054,2.9564577847668525e-06,-1.1999985879255508
g2,10000.0,0.5250002583737642,0.2742549034457492,0.0500531010350864,0.28755163546020446,0.5250031470219095,0.7624903123990713,0.999944294487435,-6.137462250144779e-07,-1.2000015885129915
g3,10000.0,0.5250003398008583,0.27425481303903576,0.0500536923673214,0.28751364266080875,0.525014693295651,0.7624402156634433,0.999981832400081,3.2043259512225043e-06,-1.1999934706136677
g4,10000.0,0.5250000906280402,0.2742548446656049,0.0500284939589759,0.287494443019348,0.5250016343759885,0.7624329890946853,0.999930047985306,3.871023654109263e-06,-1.200002792468539
