,tau1,tau2,tau3,tau4,p2,p3,p4,g1,g2,g3,g4
D1,32.5,32.800000000000004,35.6,34.2,64.2,64.3,65.3,48.199999999999996,48.1,48.199999999999996,46.400000000000006
D2,44.0,44.3,44.2,43.6,62.4,62.6,65.9,52.400000000000006,50.1,48.8,52.800000000000004
D3,56.699999999999996,57.599999999999994,55.300000000000004,57.49999999999999,65.4,61.7,63.7,56.00000000000001,53.7,52.800000000000004,57.199999999999996
D4,68.2,64.7,65.4,66.4,61.7,63.5,63.6,60.099999999999994,58.099999999999994,58.699999999999996,57.99999999999999
D5,70.6,69.89999999999999,71.2,69.19999999999999,64.60000000000001,66.10000000000001,62.4,60.6,63.6,64.3,60.0
D6,74.3,73.8,72.7,73.9,62.1,66.0,65.2,65.4,64.9,64.60000000000001,67.7
D7,76.4,74.8,73.2,72.39999999999999,63.1,64.1,65.3,68.89999999999999,70.19999999999999,68.60000000000001,70.6
D8,73.7,73.9,75.1,75.5,65.7,63.4,65.3,72.1,74.4,72.7,73.6
D9,72.1,74.7,75.3,75.1,65.0,64.60000000000001,61.5,76.3,77.2,77.10000000000001,73.6
D10,69.5,71.5,70.0,70.19999999999999,63.800000000000004,61.7,59.8,78.0,77.7,82.19999999999999,78.10000000000001
